iam,,
vpc,,
ec2,,
eks,,
secrets manager,,
kms,,
aws certificate manager,,
efs,,
cloudwatch,,
aws route53,,
sns,,
aws lambda,,
event bridge,,
kubernetes,,
docker,,
linux,,
ansible,,
aws devops,,
terraform,,
prometheus,,
grafana,,
aws deep learning containers,,
aws deep learning amis,,
aws lex,,
aws sagemaker ground truth,,
aws textract,,
aws rekognition,,
aws elastic inference,,
aws comprehend,,
aws translate,,
aws inferentia,,
aws sagemaker,,
aws fraud detector,,
aws augmented ai,,
aws sagemaker clarify,,
aws personalize,,
aws transcribe,,
aws polly,,
aws forecast,,
aws deeplens,,
aws emr,,
aws quicksight,,
aws healthlake,,
aws lake formation,,
aws data exchange,,
amazon redshift,,
aws glue,,
aws kinesis data firehose,,
aws sagemaker data wrangler,,
aws cloudsearch,,
aws elastic search service,,
aws kendra,,
aws managed streaming for kafka,,
aws kinesis data analytics,,
aws kinesis data streams,,
aws athena,,
aws managed service for grafana,,
aws api gateway,,
aws appsync,,
aws simple workflow service,,
aws step functions,,
aws appflow,,
aws eventbridge,,
aws simple notification service,,
aws mq,,
aws simple queue service,,
aws cloud map,,
aws app mesh,,
aws data pipeline,,
aws workdocs,,
aws workmail,,
aws honeycode,,
aws chime,,
alexa for business,,
aws ec2 auto scaling,,
aws batch,,
aws wavelength,,
aws parallelcluster,,
dedicated instances,,
aws elastic beanstalk,,
aws outposts,,
aws snow family,,
aws braket,,
aws ec2,,
aws lightsail,,
vmware cloud on aws,,
aws elastic container registry (ecr),,
ecr public,,
aws elastic container service (ecs),,
aws elastic kubernetes service (eks),,
aws fargate,,
ec2 reserved instances,,
ec2 spot,,
aws codeguru,,
aws devops guru,,
aws compute optimizer,,
aws trusted advisor,,
aws well-architected tool,,
aws budgets,,
aws cost anomaly detection,,
aws cost explorer,,
aws cost and usage report,,
aws managed blockchain,,
aws quantum ledger database (qldb),,
"aws elasticcache (memcached, redis)",,
aws keyspaces ( for apache cassandra),,
aws document db (with mongodb compatibility),,
aws dynamodb,,
aws neptune,,
aws keyspaces,,
aws aurora,,
"aws rds (mysql, postgresql, oracle, sql server, mariadb)",,
aws rds on vmware,,
aws timestream,,
aws appconfig,,
aws codeartifact,,
aws x-ray,,
aws codebuild,,
aws codedeploy,,
aws codepipeline,,
aws codestar,,
aws cloud development kit,,
aws corretto,,
aws cloud9,,
aws cli,,
aws cloudshell,,
aws emr studio,,
aws amplify,,
aws device farm,,
aws codecommit,,
aws iot analytics,,
aws iot device defender,,
aws iot device management,,
aws iot events,,
aws iot sitewise,,
aws greengrass,,
freertos,,
aws iot things graph,,
aws cloudformation,,
aws proton,,
aws opsworks,,
cloudwatch anomaly detection,,
aws service catalog,,
aws config,,
amazon license manager,,
amazon cloudwatch,,
amazon cloudwatch logs,,
amazon transit gateway network manager,,
aws control tower,,
aws systems manager,,
aws management console,,
aws database migration service,,
snow family,,
cloudendure disaster recovery,,
aws datasync,,
aws application discovery service,,
storage gateway,,
aws migration hub,,
aws app2container,,
aws server migration service,,
cloud endure migration,,
amazon connect,,
amazon pinpoint,,
amazon simple email service,,
amazon gamelift,,
amazon lumberyard,,
amazon maps api,,
amazon lookout for vision,,
amazon lookout for equipment,,
amazon panorama,,
amazon monitron,,
amazon elastic transcoder,,
aws elemental suite,,
amazon interactive video service,,
amazon kinesis video streams,,
amazon worklink,,
aws robomaker,,
aws ground station,,
amazon workspaces,,
amazon appstream 2.0,,
amazon sumerian,,
amazon direct connect,,
elastic load balancing (elb),,
aws global accelerator,,
nat gatway,,
amazon ecs,,
amazon vpc,,
aws transit gateway,,
aws vpn,,
aws artifact,,
aws audit manager,,
aws security hub,,
aws nitro enclaves,,
amazon macie,,
aws shield,,
amazon cognito,,
aws firewall manager,,
aws waf,,
aws identity and access management,,
aws key management service,,
aws cloudhsm,,
aws multi-factor authentication,,
aws directory service for microsoft active directory,,
aws resource access manager,,
amazon detective,,
aws secrets manager,,
aws single sign-0n,,
amazon guard duty,,
amazon inspector,,
s3 glacier,,
s3 glacier deep archive,,
aws backup,,
amazon block store (ebs),,
amazon elastic file service (efs),,
amazon fsx for windows file server,,
amazon fsx for lustre,,
amazon s3,,
smo,,
sem,,
google adwords,,
ms powerpoint,,
google webmaster tools,,
amazon cloudformation,,
multi-factor authentication,,
pki,,
hybrid cloud,,
identity federation,,
migration projects,,
elastic load balancing,,
network load balancing,,
ipam,,
network protocols,,
network security,,
dns,,
wireshark,,
ip networking,,
wlan,,
network monitoring tools,,
firewall,,
routing,,
lan/wan,,
vpn,,
ccna,,
ccnp,,
apache,,
routing protocols,,
monitoring tools,,
bgp,,
ospf,,
noc,,
wireless,,
ticketing tools,,
ccie,,
altran,,
switching,,
tac,,
tcp/ip,,
cisco switches,,
osi model,,
igrp,,
css corp,,
ipsec,,
aaa,,
vpn clients,,
patch management,,
robocopy,,
failover cluster,,
event logs,,
performance analyzer,,
juniper - jncis,,
enhanced igrp,,
hsrp,,
mpls,,
vrrp,,
glbp,,
vlan,,
trunking,,
fortigate firewall,,
palo alto firewall,,
network operation center,,
wireless operations,,
juniper,,
fortinet,,
cissp,,
web security,,
risk compliance,,
csa,,
iso 27001,,
nexus,,
utm,,
dmvpn,,
voip gateway,,
uccx,,
voip,,
h.323,,
splunk,,
pytorch,,
data modeling,,
esx server,,
vsphere,,
vcenter,,
ldap,,
sso/saml,,
travis ci,,
circle ci,,
nlp,,
ibm spss,,
flutter,,
artificial intelligence,,
plotly,,
rstudio,,
hypothesis testing,,
k-means clustering,,
principal component analysis,,
linear algebra,,
natural language processing (nlp),,
convolutional neural network (cnn),,
descriptive analysis,,
random forest,,
artificial neural networks,,
long short-term memory (lstm),,
calculus,,
natural language generation,,
h20.ai,,
spss,,
dialogflow,,
embedded c,,
ibm watson,,
reinforcement learning,,
lex,,
digital marketing experience,,
power trading,,
julia,,
recurrent neural networking,,
transfer learning,,
computer vision,,
data mining,,
cluster analysis,,
opencv,,
nltk,,
predictive analysis,,
logistic regression,,
support vector machine (svm),,
putty,,
information security,,
firewalls,,
dlp,,
malware analysis,,
malware detection,,
vulnerability management,,
security engineering,,
threat management,,
mcafee antivirus,,
data privacy,,
phishing,,
email phishing,,
data leak prevention,,
segregation of duties,,
recertification,,
application onboarding,,
lte,,
switches,,
routers,,
umts,,
wcdma,,
3g,,
2g,,
gprs,,
gsm,,
rsa envision,,
drive test,,
symantec endpoint protection,,
log analysis,,
ibm qradar,,
event monitoring,,
azure identity protection,,
vhdl,,
sox 404,,
cobit,,
cisco asa,,
juniper jncia,,
f5 bigip,,
it audit,,
information security management,,
vulnerability assessment,,
risk assessment,,
penetration testing,,
business process management,,
incident management,,
business continuity,,
disaster recovery,,
risk based audits,,
risk governance,,
access control management,,
security consulting,,
standards compliance,,
security information management,,
vapt,,
security tools,,
remote infrastructure management,,
endpoint security,,
microsoft exchange,,
service delivery,,
cism,,
cipt,,
cipm,,
nist 800-53,,
gdpr,,
iec 27001,,
project coordination,,
seo,,
quality assurance,,
content management,,
agile methodologies,,
test planning,,
black box testing,,
gpu support on aks,,
data science virtual machines,,
azure bot service,,
qna maker,,
azure machine learning data labeling,,
azure form recognizer,,
ink recognizer,,
custom vision,,
azure face,,
video indexer,,
gpus on aks,,
text analytics,,
speech translation,,
fpga,,
azure machine learning,,
azure content moderator,,
speaker recognition,,
azure kinect dk,,
azure databricks,,
azure hdinsight,,
power bi embedded,,
azure data lake storage,,
azure data share,,
azure synapse analytics,,
azure data factory,,
azure cognitive search,,
azure event hubs for apache kafka,,
azure stream analytics,,
big data clusters (spark),,
data lake analytics,,
sql server analysis services,,
azure data explorer,,
azure api apps,,
logic apps,,
event grid,,
queue storage,,
service bus,,
azure service fabric mesh,,
azure spring cloud,,
azure red hat openshift,,
azure stack hub,,
azure stack hci,,
azure stack edge,,
azure quantum,,
virtual machines,,
azure vmware solution,,
azure container registry,,
azure kubernetes service (aks),,
azure container instances (aci),,
azure hybrid benefit,,
azure spot virtual machines,,
azure advisor,,
azure cost management and billing,,
azure blockchain service,,
azure blockchain tokens,,
azure blockchain workbench,,
azure cache for redis,,
azure cosmos db,,
azure cosmos db gremlin api,,
azure database,,
azure sql,,
azure time series insights,,
azure artifacts,,
visual studio code,,
azure sdk's,,
azure cli,,
azure powershell,,
azure cloud shell,,
visual studio,,
visual studio codespaces,,
azure lab services,,
azure test plans,,
azure repos,,
azure iot central,,
azure iot hub,,
azure defender for iot,,
azure sphere,,
azure iot edge,,
azure rtos,,
azure digital twins,,
azure resource manager,,
azure automation,,
anomaly detector,,
azure managed applications,,
azure blueprints,,
azure automanage,,
azure app configuration,,
azure service health,,
azure arc,,
azure monitor,,
azure management groups,,
azure lighthouse,,
azure policy,,
azure portal,,
azure database migration service,,
data box,,
azure site recovery,,
azure file sync,,
azure migration service,,
azure migrate,,
azure resource mover,,
azure communication services,,
azure notification hubs,,
game stack,,
azure maps,,
microsoft genomics,,
azure iot,,
azure media player,,
azure orbital,,
azure express route,,
azure dns,,
virtual network nat,,
azure ddos protection,,
azure active directory b2c,,
azure firewall,,
azure active directory,,
azure rbac,,
azure dedicated hsm,,
azure mfa,,
azure active directory domain service,,
azure key vault,,
azure active directory single sign-on,,
azure threat protection,,
azure defender,,
archive storage,,
azure backup,,
disk storage,,
azure netapp files,,
blob storage,,
deep learning containers,,
deep learning vm image,,
cloud data labeling,,
vision api,,
video ai,,
cloud tpu,,
edge tpu,,
translation,,
cloud automl,,
recaptcha enterprise,,
recommandations ai,,
cloud speech-to-text api,,
cloud text-to-speech api,,
dataproc,,
google data studio,,
cloud storage,,
cloud dataprep,,
bigquery,,
cloud data fusion,,
dataflow,,
cloud search,,
pub/sub,,
api gateway,,
apigee,,
cloud endpoints,,
cloud tasks,,
anthos service mesh,,
cloud composer,,
google workspace,,
google docs,,
appsheet,,
google meet,,
google assistant,,
managed instance groups,,
batch on gke,,
cloud functions,,
global mobile edge cloud,,
sole-tenant nodes,,
shielded vms,,
app engine,,
compute engine,,
vmware engine,,
artifact registry,,
google kubernetes engine (gke),,
cloud run,,
cloud profiler,,
cost management,,
cloud memorystore,,
cloud bigtable,,
cloud firestore,,
cloud sql,,
cloud spanner,,
cloud debugger,,
firebase crashlytics,,
cloud build,,
tekton,,
cloud sdk,,
cloud code,,
google firebase,,
cloud source repositories,,
cloud iot core,,
cloud deployment manager,,
cloud scheduler,,
anomaly detection,,
private catalog,,
cloud asset inventory,,
cloud monitoring,,
google anthos,,
network intelligence center,,
organization policy service,,
service monitoring,,
cloud console,,
database migration service,,
transfer appliance,,
bigquery data transfer service,,
cloud data transfer,,
migrate for anthos,,
migrate for compute engine,,
vm migration,,
contact center ai,,
firebase cloud messaging,,
game servers,,
google maps platform,,
cloud life sciences,,
vision ai,,
opencue,,
identity-aware proxy,,
cloud robotics core,,
google vr,,
apigee api management platform,,
cloud cdn,,
cloud interconnect,,
cloud dns,,
cloud load balancing,,
premium network service tier,,
cloud nat,,
service discovery,,
traffic director,,
virtual private cloud,,
cloud vpn,,
direct peering,,
security command center,,
certificate authority service,,
confidential computing,,
binary authorization,,
data catalog,,
cloud data loss prevention,,
google cloud armor,,
firebase authentication,,
cloud firewalls,,
identity and access management,,
identity platform,,
cloud key management,,
google authenticator,,
titan security key,,
microsoft active directory,,
resource manager,,
secret manager,,
cloud identity,,
access transparency,,
phishing protection,,
web risk,,
event threat detection,,
web security scanner,,
persistent disk,,
local ssd,,
filestore,,
firebase,,
java,,
spring framework,,
spring boot,,
springflux,,
restapi's,,
reactive architecture,,
scala,,
j2ee,,
java spring,,
go-lang,,
js controllers,,
internet store markup language (isml),,
ux studio,,
world wide web consortium (w3c),,
react redux,,
webpack,,
nodejs,,
mercurial,,
angular,,
react.js,,
prototype,,
backbone,,
web extensions,,
web notifications,,
payment gateways integration,,
messaging applications,,
shopping carts,,
vue.js,,
ssrs,,
sharepoint framework,,
client object model,,
javascript object model,,
power automate,,
power apps,,
vb.net,,
bamboo,,
oauth2,,
openid connect,,
jwt,,
payment gateways,,
css3,,
magento,,
ios developer,,
cocoa,,
objective c,,
cocoa touch,,
informatica,,
r2,,
t-sql,,
xml,,
asp.net,,
c#,,
spring,,
middleware,,
san,,
junit,,
hibernate,,
alogrithms,,
oop,,
entity framework,,
angular.js,,
php developer,,
web designers,,
graphic designers,,
android developer,,
wordpress developer,,
codeigniter,,
security compliance,,
laravel,,
ruby on rails,,
python,,
django,,
triggers,,
salesforce,,
tableau,,
data visualization,,
struts,,
mvc,,
software design,,
data structures,,
andriod sdk,,
data warehousing,,
swift,,
xcode,,
rest api,,
mongodb,,
bootstrap,,
linq,,
kotlin,,
magento,,
ajax,,
soap,,
oracle,,
dicom,,
groovy,,
database programming,,
bug fixing,,
json,,
jdbc,,
hadoop,,
bi,,
ssis,,
ssas,,
jsf,,
pl/sql,,
google maps,,
phone gap,,
ionic framework,,
eclipse,,
drupal,,
mx player,,
security,,
soa,,
maven,,
mvp,,
tibco,,
sql,,
c,,
github,,
visualforce,,
api,,
mybatis,,
sqlite,,
debugging,,
apache hive,,
hdfs,,
symfony,,
sap,,
abap,,
sap hana,,
crm,,
multisite,,
ecommerce,,
mvvm,,
c++,,
field testing,,
blackberry apps,,
lighthouse,,
vsto,,
stored procedures,,
grunt,,
gradle,,
linear programming,,
cics,,
oracle service bus,,
emualtors,,
enterprise security,,
oracle fusion,,
apache cordova,,
xaml,,
dtd,,
flask,,
adf,,
ado.net,,
apache lucene,,
servlets,,
advanced java,,
oracle aia,,
dml,,
d3.js,,
osgi,,
cassandra,,
nms,,
sso,,
infopath,,
multithreading,,
visual basic,,
dreamweaver,,
ibm wcm,,
servicenow,,
jcl,,
vsam,,
cobol,,
file-aid,,
javaspring boot,,
fortarn 77,,
oracle ics,,
xquery mapper,,
xsd,,
xslt,,
hyperion epm,,
essbase studio,,
financial reporting,,
neo4j,,
numpy,,
scikit-learn,,
mendix,,
apache sling,,
blockchain,,
ethereum,,
idoc,,
grid systems,,
graphic design,,
design patterns,,
strategic design,,
mobile platforms,,
adobe creative suite,,
bitbucket,,
confluence,,
jira,,
pega prc,,
sap netweaver,,
sap script,,
sap pp,,
sap srm,,
remote function call,,
sap alv,,
sap logistics execution,,
sap mm,,
sap sd,,
sap lumira,,
netezza,,
sap access control,,
sap businessobjects analysis,,
sap business objects business intelligence,,
sap businessobjects dashboards,,
sap business objects design studio,,
sap business objects explorer,,
sap cloud for analytics,,
sap crystal reports,,
sap crystal server,,
sap global trade services,,
sap identity analytics,,
sap it operations analytics,,
sap predictive analytics,,
sap process control,,
sap risk management,,
sap content management for microsoft sharepoint,,
sap digital asset management,,
sap digital content processing,,
sap extended enterprise content management,,
sap jam,,
sap jam communities,,
sap mobile documents,,
sap portal site management,,
sap accelerated trade promotion planning,,
sap anywhere,,
sap business by design,,
sap business one,,
sap cloud for customer,,
sap cpq,,
sap consumer insight 365,,
sap contact centre,,
sap convergent pricing simulation,,
sap crm service manager,,
sap cross channel order management,,
sap customer activity repository,,
sap customer briefing,,
sap customer checkout,,
sap customer relationship management (crm on-premise),,
sap emr unwired,,
sap event ticketing,,
sap hybris commerce suite,,
sap hybris marketing,,
sap incentive administration,,
sap knowledge central,,
sap multichannel foundation,,
sap paybacks and chargebacks,,
sap point-of-sale,,
sap policy management,,
sap price and margin management,,
sap pricing and costing,,
sap promotion management,,
sap real-time offer management,,
sap retail execution,,
sap sales companion,,
sap sales pipeline simulator,,
sap trade promotion optimization,,
sap utility customer e-services,,
sap adaptive server enterprise,,
sap address directories,,
sap data maintenance,,
sap data quality management,,
sap data services,,
sap event stream processor,,
sap hana vora,,
sap infomaker,,
sap information steward,,
sap iq,,
sap landscape transformation,,
sap master data governance,,
sap open server,,
sap open switch,,
sap powerbuilder,,
sap powerdesigner,,
sap replication server,,
sap sql anywhere,,
sap test data migration server,,
sap s/4hana,,
sap business all-in-one,,
sap erp,,
sap r/3,,
sap access approver,,
sap access violation management,,
sap archiving and document access,,
sap asset lifecycle accounting,,
sap asset retirement obligation management,,
sap assurance and compliance software,,
sap bank analyzer,,
sap business planning and consolidation,,
sap capital yield tax management,,
sap cash flow management,,
sap cloud for travel and expense,,
sap common area maintenance expense recovery,,
sap convergent charging,,
sap convergent mediation,,
sap customer financial factsheet,,
sap deposits management,,
sap disclosure management,,
sap document presentment,,
sap electronic invoicing,,
sap financial closing cockpit,,
sap financial consolidation,,
sap financial services network,,
sap flexible solution billing,,
sap fundraising management,,
sap invoice management,,
sap lease administration,,
sap liquidity risk management,,
sap loans management,,
sap mobile asset management,,
sap payment approvals,,
sap payment engine,,
sap production and revenue accounting,,
sap profitability and cost management,,
sap public budget formulation,,
sap real estate management,,
sap receivables manager,,
sap regulation management,,
sap revenue accounting and reporting,,
sap s/4hana,,
sap spend performance management,,
sap strategic enterprise management,,
sap strategy management,,
sap sustainability performance management,,
sap tax classification and reporting,,
sap tax declaration framework,,
sap travel receipts management,,
sap working capital analytics,,
sap underwriting for insurance,,
manager self-services add-on,,
sap assessment management,,
sap communication center,,
sap employee file management,,
sap enterprise learning,,
sap knowledge acceleration,,
sap manager insight,,
sap organizational visualization,,
sap scouting,,
sap successfactors employee central,,
sap successfactors hcm suite,,
sap talent visualization,,
sap time and attendance management,,
sap workforce management,,
sap workforce performance builder,,
sap workforce scheduling and optimization,,
twogo by sap,,
sap 3d visual enterprise,,
sap advanced track and trace,,
sap apparel and footwear,,
sap ar service technician,,
sap ar warehouse picker,,
sap asset intelligence network,,
sap cloud for product stewardship,,
sap commercial project management,,
sap complex assembly manufacturing,,
sap complex manufacturing accelerator,,
sap cproject suite,,
sap document builder,,
sap eam and service mobile app sdk,,
sap ehs regulatory content,,
sap ehs safety issue,,
sap energy data management,,
sap energy portfolio management,,
sap engineering control centre,,
sap enhanced maintenance and service planning,,
sap enterprise project connection,,
"sap environment, health, and safety management",,
sap environmental compliance,,
sap fashion management,,
sap file lifecycle management,,
sap innovation management,,
sap intercompany data exchange,,
sap management of change,,
sap manufacturing execution,,
sap manufacturing integration and intelligence,,
sap military data exchange,,
sap mobile défense & security,,
sap multiresource scheduling,,
sap overall equipment effectiveness management,,
sap plant connectivity,,
sap portfolio and project management,,
sap predictive maintenance and service,,
sap product lifecycle management,,
sap product stewardship network,,
sap quality issue management,,
sap reach compliance,,
sap rounds manager,,
sap waste and recycling solutions,,
choai route management,,
logistics add-on,,
sap advanced planning and optimization,,
sap agricultural contract management,,
sap bulk fuel management,,
sap connected logistics,,
sap demand signal management,,
sap direct store delivery,,
sap enterprise demand sensing,,
sap enterprise inventory and service-level optimization,,
sap event management,,
sap extended warehouse management,,
sap financial supply chain management,,
sap forecasting and replenishment,,
sap global batch traceability,,
sap in-store product lookup,,
sap integrated business planning,,
sap inventory manager,,
sap sales and operations planning,,
sap secondary distribution,,
sap supply chain info centre,,
sap supply chain management,,
sap supply network collaboration,,
sap transport notification and status,,
sap transport tendering,,
sap transportation management,,
sap transportation resource planning,,
ariba cloud integration,,
ariba contract management,,
ariba network,,
sap business suite,,
ariba procurement,,
ariba sourcing,,
sap fieldglass vendor management system,,
sap sourcing and sap contract lifecycle management,,
sap supplier lifecycle management,,
sap supplier relationship management,,
accelerated application delivery,,
sap afaria,,
sap api management,,
sap application interface framework,,
sap application visualization,,
sap business process automation,,
sap business warehouse accelerator,,
sap cloud appliance library,,
sap cloud applications studio,,
sap cloud identity,,
sap composition environment,,
sap decision service management,,
sap dynamic authorization management,,
sap enterprise modelling,,
sap enterprise threat detection,,
sap enterprise portal,,
sap extended diagnostics,,
sap fiori,,
sap fortify by hp,,
sap gateway,,
sap hana cloud integration,,
sap hana cloud platform,,
sap hana cloud platform for the internet of things,,
sap hana cloud portal,,
sap hana live,,
sap identity management,,
sap intelligent notification 365,,
sap it infrastructure management,,
sap java virtual machine,,
sap landscape virtualization management,,
sap loadrunner,,
sap mobile app protection by mocana,,
sap mobile platform,,
sap mobile secure,,
sap netweaver master data management,,
sap netweaver mobile,,
sap operational process intelligence,,
sap process integration,,
sap process object builder,,
sap quality centre,,
sap screen personas,,
sap service virtualization,,
sap single sign-on,,
sap sms firewall 365,,
sap solution manager,,
sap test acceleration and optimization,,
sap user experience management,,
sap visual business,,
sap web ide,,
software logistics toolset,,
mulesoft anypoint platform,,
qa automation,,
security testing,,
automation testing,,
smoke testing,,
exploratory testing,,
integration testing,,
defect tracking,,
test estimation,,
web testing,,
test execution,,
selenium,,
scalability testing,,
testrail,,
appium,,
database testing,,
test strategy,,
qtp,,
automation framework,,
hp quicktest professional,,
winrunner,,
pci dss,,
oracle weblogic,,
performance tuning,,
technical direction,,
service levels,,
oracle forms,,
apache camel,,
jboss,,
scm,,
adobe streamline,,
mfg,,
rapid application development,,
log4j,,
javabeans,,
tomcat 5,,
snmp,,
fusion middleware administration,,
oracle weblogic server,,
trend analysis,,
vendor management,,
logical volume manager,,
linux kvm,,
0penvz,,
health check,,
aix,,
oracle bpel,,
wesb,,
aqualogic,,
jrockit,,
webcenter,,
oracle business intelligence,,
managed file transfer,,
tivoli storage manager,,
aix administration,,
lotus domino,,
b2b,,
bi publisher,,
obiee,,
oracle application server,,
ibatis,,
standard operating procedure,,
oracle e-business suite,,
cloning oem11g,,
etl tools,,
obia,,
wlst,,
atg csc,,
atg search,,
atg dynamo,,
atg portal,,
javascript libraries,,
jpa,,
data marts,,
stl,,
java servlets pages,,
bioconductor,,
splus,,
winbugs,,
bayesian statistics,,
survival analysis,,
time series analysis,,
kernel,,
kernel drivers,,
kernel programming,,
kernel debugging,,
u-boot,,
jbehave,,
cucumber,,
isam,,
npm,,
hudson,,
liquibase,,
testng,,
restassured,,
ejb,,
structs,,
orbix,,
corba,,
tidal workload automation,,
tidal enterprise schedular,,
veritas volume manager,,
autosys,,
solaris zones,,
unicenter tng,,
sailpoint,,
cyberark,,
manual test execution,,
usability testing,,
aws trainium,,
ibm websphere,,
ibm data studio,,
informix,,
ibm db2,,
ibm j9,,
ibm connections,,
ibm lotus domino,,
ibm notes traveller,,
ibm lotus sametime gateway,,
ibm lotus symphony,,
ibm purequery,,
ibm rational asset manager,,
ibm rational business developer extension,,
ibm rational rose xde,,
ibm rational software architect,,
ibm rational software modeler,,
ibm tivoli directory server,,
ibm tivoli storage manager,,
ibm websphere commerce,,
ibm works,,
jikes,,
ibm tivoli workload scheduler loadleveler,,
lotus 1-2-3,,
ibm lotus approach,,
ibm lotus freelance graphics,,
ibm notes,,
ibm lotus organizer,,
ibm sametime,,
ibm lotus word pro,,
many eyes,,
photran,,
ibm rational application,,
ibm san file system,,
ibm scale-out file services,,
software testing automation framewok,,
spatiotemporal epidemiological modeler,,
spss modeler,,
tourcast,,
uima,,
ibm viavoice,,
ibm websphere,,
ibm websphere application server,,
ibm websphere integration developer,,
ibm websphere process server,,
.net,,
atm,,
crm systems/tech,,
filenet p8,,
oracle admin,,
active x,,
crystal reports,,
ibm apa,,
oracle app server,,
assembler,,
data governance,,
ibm debug,,
oracle devel suite,,
adobe,,
ibm rmf,,
outlook,,
ibm tivoli,,
peoplesoft,,
baan erp,,
db2 admin,,
internet explorer,,
photoshop,,
bea weblogic,,
db2 connect,,
jad,,
bmc,,
db2 development,,
rad,,
e-commerce,,
ca db2 tools,,
edi,,
lotus notes,,
sas,,
cmmi,,
e-mail systems,,
macromedia flash,,
centra software,,
enterprise javabeans,,
microsoft office,,
epss,,
microsoft access,,
erp,,
mozilla firefox,,
websphere,,
agile methodology (scrum),,
osi 7-layer model,,
business process modeling,,
prince2 project mgmt methodology,,
cobit (control obj for info & tech),,
rad (rapid application delivery),,
dsdm (dynamic systems devel method),,
sfia: skills framework for info age,,
fdd (feature driven development),,
sdlc (software development life cycle),,
iso 9000-3,,
software product quality assurance,,
iso/iec 200000,,
six sigma dmaic / dmadv,,
ispl (info svcs procurement library),,
six sigma framework,,
itil (info tech infrastructure library),,
sspm (six sigma project methodology,,
oracle exadata,,
oracle ebs,,
oracle soa-sob,,
oracle scm cloud,,
oracle mfg,,
oracle ping,,
taleo,,
oracle cloud hcm,,
php,,
css php html java,,
css,,
awaneesh,,
sundaram,,
yashi test,,
aws certificate manager,,
aws chime,,
iam,,
ec2,,
vpc,,
secrets manager,,
[efs],,
efs,,
event bridge,,
grafana,,
docker,,
kubernetes,,
sqsq,,
sqswq,,
jenkins,,
soap,,
rest api,,
sql,,
oracle,,
j2ee,,
xml,,
unix,,
xml,,
communication,,
selenium,,
docker,,
software development,,
application programming,,
c++,,
json,,
jquery,,
jquery,,
api automation,,
network services,,
virtualization,,
cloud,,
backend,,
front end,,
postgresql,,
test driven development,,
zigbee,,
spi,,
javascipt,,
core java,,
ui development,,
rest apis,,
it skills,,
tal,,
base24,,
tacl,,
tandem,,
oops,,
net framework,,
root cause analysis,,
uipath,,
abbyy,,
c programming,,
algorithms,,
perl,,
windows,,
karate,,
api,,
cypress,,
nosql db,,
microservices,,
devops,,
rabbitmq,,
knime admin,,
unix server,,
tomcat,,
cd pipelines,,
gherkin,,
testing,,
cisco aci,,
nexus 5k,,
networking,,
ms dynamics,,
git,,
peoplesoft techno functional,,
peoplesoft technical,,
java enterprise edition,,
tricentis tosca,,
cucumber testing,,
android,,
mobile testing,,
consulting,,
business operations,,
customer interaction,,
auditing,,
lightning web component development,,
lwc,,
mulesoft,,
mulesoft api,,
reusable software components,,
fiori,,
salesforce lwc,,
birt,,
mainframe,,
magento theme development,,
global strategy,,
embedded c development cycle,,
profinet,,
networking protocols,,
appliances,,
operating systems,,
cloud services,,
embedded linux,,
sdlc process,,
hi-tec,,
healthcare,,
analytical,,
wcf,,
t - sql,,
serverless infrastructure,,
windows application development,,
c# net,,
skillvalues,,
aws devops,,
aws route53,,
aws lambda,,
linux,,
aws lex,,
eks,,
aws fraud detector,,
amazon elastic transcoder,,
network security,,
aws certificate manager,,
efs,,
efs,,
efs,,
efs,,
aws certificate manager,,
 efs,,
aws route53,,
aws route53,,
aws route53,,
aws route53,,
aws route53,,
aws route53,,
secrets manager,,
aws route53,,
secrets manager,,
aws route53,,
secrets manager,,
aws route53,,
aws route53,,
cloudwatch,,
cloudwatch,,
efs,,
cloudwatch,,
aws route53,,
aws app2container,,
docker,,
aws app2container,,
event bridge,,
smsc,,
charging systems,,
vas,,
billing systems,,
html,,
fdd,,
xyc,,
html.css,,
 html.css,,
 html,,
 2g,,
ms office,,
microsoft office,,
microsoft word,,
microsoft power point,,
ms office,,